id,fullName,email,companyName,position,sex,address,address.id,address.country.id,address.country.name,address.city.id,address.city.name,address.street,address.zip,createdAt,updatedAt,phones.0.number,phones.1.number,phones.2.number,phones.3.number,image,slug
133,"FirstName0 LastName0",Email0@mail.com,CompanyName0,Position0,1,,86,89,Country-4,96,City#11,"Street_0, 10",10000,2023-07-28T19:56:52+07:00,2023-07-31T17:53:25+07:00,1111,33333,44444,5555,,firstname0-lastname0
134,"FirstName1 LastName1",Email1@mail.com,CompanyName1,Position1,2,,87,94,Country-9,95,City#10,"Street_1, 11",10001,2023-07-28T19:56:52+07:00,2023-07-28T19:56:52+07:00,,,,,,firstname1-lastname1
135,"FirstName2 LastName2",Email2@mail.com,CompanyName2,Position2,2,,88,93,Country-8,87,City#2,"Street_2, 12",10002,2023-07-28T19:56:52+07:00,2023-07-28T19:56:52+07:00,,,,,,firstname2-lastname2
136,"FirstName3 LastName3",Email3@mail.com,CompanyName3,Position3,3,,89,95,Country-10,98,City#13,"Street_3, 13",10003,2023-07-28T19:56:52+07:00,2023-07-28T19:56:52+07:00,,,,,,firstname3-lastname3
137,"FirstName4 LastName4",Email4@mail.com,CompanyName4,Position4,2,,90,92,Country-7,89,City#4,"Street_4, 14",10004,2023-07-28T19:56:52+07:00,2023-07-28T19:56:52+07:00,,,,,,firstname4-lastname4
138,"FirstName5 LastName5",Email5@mail.com,CompanyName5,Position5,1,,91,93,Country-8,88,City#3,"Street_5, 15",10005,2023-07-28T19:56:52+07:00,2023-07-28T19:56:52+07:00,,,,,,firstname5-lastname5
139,"FirstName6 LastName6",Email6@mail.com,CompanyName6,Position6,1,,92,93,Country-8,87,City#2,"Street_6, 16",10006,2023-07-28T19:56:52+07:00,2023-07-28T19:56:52+07:00,,,,,,firstname6-lastname6
140,"FirstName7 LastName7",Email7@mail.com,CompanyName7,Position7,1,,93,89,Country-4,102,City#17,"Street_7, 17",10007,2023-07-28T19:56:52+07:00,2023-07-28T19:56:52+07:00,,,,,,firstname7-lastname7
141,"FirstName8 LastName8",Email8@mail.com,CompanyName8,Position8,2,,94,90,Country-5,91,City#6,"Street_8, 18",10008,2023-07-28T19:56:52+07:00,2023-07-28T19:56:52+07:00,,,,,,firstname8-lastname8
142,"FirstName9 LastName9",Email9@mail.com,CompanyName9,Position9,3,,95,89,Country-4,96,City#11,"Street_9, 19",10009,2023-07-28T19:56:52+07:00,2023-07-28T19:56:52+07:00,,,,,,firstname9-lastname9
143,"FirstName10 LastName10",Email10@mail.com,CompanyName10,Position10,1,,96,93,Country-8,99,City#14,"Street_10, 20",10010,2023-07-28T19:56:52+07:00,2023-07-28T19:56:52+07:00,,,,,,firstname10-lastname10
144,"FirstName11 LastName11",Email11@mail.com,CompanyName11,Position11,1,,97,88,Country-3,92,City#7,"Street_11, 21",10011,2023-07-28T19:56:52+07:00,2023-07-28T19:56:52+07:00,,,,,,firstname11-lastname11
145,"FirstName12 LastName12",Email12@mail.com,CompanyName12,Position12,2,,98,88,Country-3,92,City#7,"Street_12, 22",10012,2023-07-28T19:56:52+07:00,2023-07-28T19:56:52+07:00,,,,,,firstname12-lastname12
146,"FirstName13 LastName13",Email13@mail.com,CompanyName13,Position13,3,,99,89,Country-4,94,City#9,"Street_13, 23",10013,2023-07-28T19:56:52+07:00,2023-07-28T19:56:52+07:00,,,,,,firstname13-lastname13
147,"FirstName14 LastName14",Email14@mail.com,CompanyName14,Position14,2,,100,94,Country-9,90,City#5,"Street_14, 24",10014,2023-07-28T19:56:52+07:00,2023-07-28T19:56:52+07:00,,,,,,firstname14-lastname14
148,"FirstName15 LastName15",Email15@mail.com,CompanyName15,Position15,3,,101,89,Country-4,97,City#12,"Street_15, 25",10015,2023-07-28T19:56:52+07:00,2023-07-28T19:56:52+07:00,,,,,,firstname15-lastname15
149,"FirstName16 LastName16",Email16@mail.com,CompanyName16,Position16,1,,102,90,Country-5,91,City#6,"Street_16, 26",10016,2023-07-28T19:56:52+07:00,2023-07-28T19:56:52+07:00,,,,,,firstname16-lastname16
150,"FirstName17 LastName17",Email17@mail.com,CompanyName17,Position17,2,,103,88,Country-3,92,City#7,"Street_17, 27",10017,2023-07-28T19:56:52+07:00,2023-07-28T19:56:52+07:00,,,,,,firstname17-lastname17
151,"FirstName18 LastName18",Email18@mail.com,CompanyName18,Position18,1,,104,92,Country-7,103,City#18,"Street_18, 28",10018,2023-07-28T19:56:52+07:00,2023-07-28T19:56:52+07:00,,,,,,firstname18-lastname18
152,"FirstName19 LastName19",Email19@mail.com,CompanyName19,Position19,2,,105,93,Country-8,99,City#14,"Street_19, 29",10019,2023-07-28T19:56:52+07:00,2023-07-28T19:56:52+07:00,,,,,,firstname19-lastname19
160,"asd asd",asd@mail.com,asd,asd,1,,,,,,,,,2023-07-31T10:44:25+07:00,2023-07-31T10:44:25+07:00,,,,,,asd-asd
183,"asd asd",asdqwe@mail.com,asd,asd,2,,,,,,,,,2023-07-31T14:53:11+07:00,2023-07-31T14:53:11+07:00,,,,,,asd-asd-1
186,"qwe qwe",qwe@mail.com,qwe,qwe,3,,,,,,,,,2023-07-31T16:27:16+07:00,2023-07-31T16:27:16+07:00,,,,,,qwe-qwe
187,"zxc zxc",zxc@mail.com,zxc,zxc,2,,,,,,,,,2023-07-31T16:29:16+07:00,2023-07-31T16:29:16+07:00,,,,,,zxc-zxc
188,"rty rty",rty@mail.com,rty,rty,3,,,,,,,,,2023-07-31T16:37:41+07:00,2023-07-31T16:37:41+07:00,,,,,,rty-rty
189,"rty rty",rtcy@mail.com,rty,rty,3,,,,,,,,,2023-07-31T16:38:26+07:00,2023-07-31T16:38:26+07:00,,,,,,rty-rty-1
